2.73 (h),State-wise Projected Cost of Production (A2+FL) for Sugarcane,136,3.22(a),State-wise Weather Based Crop Insurance Scheme (WBCIS)- Cumulative upto Rabi 2015-16,172,5.6,Irrigated and Un-Irrigated Area by Size Classes under different Crops,206,S.No.,Indicator,Year,Unit,Value,Unnamed: 5,Unnamed: 0,(2011-12) Prices (Second Advance Estimates),Unnamed: 2,Unnamed: 3,Unnamed: 4,"State/
Union-
Territory/
Year","Geogra-
phical 
Area","Reporting Forest
area for
land
utilisation
statistics","Land not
available
for 
cultivation","Other uncultivated land excluding 
Fallow Land",Unnamed: 6,Unnamed: 7,Fallow Land,Unnamed: 9,Unnamed: 10,"Net area
sown","Total 
cropped
area","Agri. Land/ Cropping
Cultivable Intensity
Land/
Culturable
land/
Arable
land/","(Col-14/ 
Col-
13*100)","Size Group (Ha)  
PACS
Short Term
Medium Term
Long Term","PLDB/ SLDB 
Short Term
Medium Term
Long Term","CBB
Short Term
Medium Term
Long Term","RRBB
Short Term
Medium Term
Long Term","Amount of Institutional Credit Taken 
Short Term 
Medium Term 
Long Term 
Total
Size Group (Ha)
Loans 
Loans 
Loans","Short Term Loans
Value of the 
Value of the 
Given in Cash 
Total
Quantity of 
Quantity of 
Fertilizer Given  
Other Inputs",S. No.,AERC/ AERU,Hyperlink,Crop Type/Crop                                 No. of Experiments Planned,S.NO. METEOROLOGICAL,Unnamed: 1,TOTAL RAINFALL IN  WINTER-2022,TOTAL RAINFALL IN PRE-MONSOON-2022,TOTAL RAINFALL IN MONSOON-2022,TOTAL RAINFALL IN  POST-MONSOON-2022,Unnamed: 12,Unnamed: 13,"TOTAL RAINFALL IN YEAR 2022 (JAN. TO 
DEC.)",Unnamed: 15,Unnamed: 16,CONTENTS,2,"Production, Trade and Prices",23,2.20(a),Jute & Mesta - All India,60,2.51(b),Tomato – Major States,100
,,,,,,,,,,,,,,,,,,,,,,,,,,,,,,,,,,,,,,,,,,,,,,,,,,,,,,,,,,,,,,,,
3,"Food Security, Subsidy and Factors of Production",137.0,,,,,,,,,,,,,,,,,,,,,,,,,,,,,,,,,,,,,,,,,,,,,,,,,,,,,,,,,,,,,,
3.1(a),"State-wise Procurement of Rice and Wheat in major Rice and Wheat producing States 
(According to marketing year)",138.0,,,,,,,,,,,,,,,,,,,,,,,,,,,,,,,,,,,,,,,,,,,,,,,,,,,,,,,,,,,,,,
3.1(b),State-wise Procurement of Nutri/Coarse Grains in Major Producing States,139.0,,,,,,,,,,,,,,,,,,,,,,,,,,,,,,,,,,,,,,,,,,,,,,,,,,,,,,,,,,,,,,
3.2,"State wise procurement details of pulses, oilseeds & Copra procured at MSP under PSS since 
(2017-18) as on 19.02.2023",140.0,,,,,,,,,,,,,,,,,,,,,,,,,,,,,,,,,,,,,,,,,,,,,,,,,,,,,,,,,,,,,,
3.3,Procurement of Pulses (Domestic) under Price Stabilization Fund  (PSF),141.0,,,,,,,,,,,,,,,,,,,,,,,,,,,,,,,,,,,,,,,,,,,,,,,,,,,,,,,,,,,,,,
3.4,State wise Cotton Purchases by Cotton Corporation of India,142.0,,,,,,,,,,,,,,,,,,,,,,,,,,,,,,,,,,,,,,,,,,,,,,,,,,,,,,,,,,,,,,
3.5,State-wise Procurement of Raw Jute,143.0,,,,,,,,,,,,,,,,,,,,,,,,,,,,,,,,,,,,,,,,,,,,,,,,,,,,,,,,,,,,,,
3.6,Per Capita Net Availability of Foodgrains (Per Annum) in India,144.0,,,,,,,,,,,,,,,,,,,,,,,,,,,,,,,,,,,,,,,,,,,,,,,,,,,,,,,,,,,,,,
3.7,Per Capita Availability of Certain Important Articles of Consumption,145.0,,,,,,,,,,,,,,,,,,,,,,,,,,,,,,,,,,,,,,,,,,,,,,,,,,,,,,,,,,,,,,
3.8(a),Trends in percentage composition of Consumer Expenditure since 1993-94,146.0,,,,,,,,,,,,,,,,,,,,,,,,,,,,,,,,,,,,,,,,,,,,,,,,,,,,,,,,,,,,,,
3.8(b),Per capita Consumption of Different Commodities,147.0,,,,,,,,,,,,,,,,,,,,,,,,,,,,,,,,,,,,,,,,,,,,,,,,,,,,,,,,,,,,,,
3.9(a),Stock of Foodgrains in the Central Pool,149.0,,,,,,,,,,,,,,,,,,,,,,,,,,,,,,,,,,,,,,,,,,,,,,,,,,,,,,,,,,,,,,
3.9(b),Existing Foodgrains Buffer Stock Norms for the Central Pool,149.0,,,,,,,,,,,,,,,,,,,,,,,,,,,,,,,,,,,,,,,,,,,,,,,,,,,,,,,,,,,,,,
3.10,Consumption and Stock of Raw Jute,150.0,,,,,,,,,,,,,,,,,,,,,,,,,,,,,,,,,,,,,,,,,,,,,,,,,,,,,,,,,,,,,,
3.11(a),State-wise Storage capacity,151.0,,,,,,,,,,,,,,,,,,,,,,,,,,,,,,,,,,,,,,,,,,,,,,,,,,,,,,,,,,,,,,
3.11(b),State-wise Cold Storage capacity,152.0,,,,,,,,,,,,,,,,,,,,,,,,,,,,,,,,,,,,,,,,,,,,,,,,,,,,,,,,,,,,,,
3.12,Food Subsidy,153.0,,,,,,,,,,,,,,,,,,,,,,,,,,,,,,,,,,,,,,,,,,,,,,,,,,,,,,,,,,,,,,
3.13,Production and Use of Agricultural Inputs in India,154.0,,,,,,,,,,,,,,,,,,,,,,,,,,,,,,,,,,,,,,,,,,,,,,,,,,,,,,,,,,,,,,
3.14,"Consumption, Production and Import of Fertilizers",156.0,,,,,,,,,,,,,,,,,,,,,,,,,,,,,,,,,,,,,,,,,,,,,,,,,,,,,,,,,,,,,,
3.15,"State-wise Consumption of Fertilizers in Terms of Nutrients (N, P & K)",157.0,,,,,,,,,,,,,,,,,,,,,,,,,,,,,,,,,,,,,,,,,,,,,,,,,,,,,,,,,,,,,,
3.16(a),Application of Fertilizers on Paddy and Wheat in India,158.0,,,,,,,,,,,,,,,,,,,,,,,,,,,,,,,,,,,,,,,,,,,,,,,,,,,,,,,,,,,,,,
3.16(b),State-wise Status of Soil Health Card Scheme – Cycle-I (2015 to 2017),159.0,,,,,,,,,,,,,,,,,,,,,,,,,,,,,,,,,,,,,,,,,,,,,,,,,,,,,,,,,,,,,,
3.16(c),State-wise Status of Soil Health Card Scheme – Cycle-II (2017 to 2019),160.0,,,,,,,,,,,,,,,,,,,,,,,,,,,,,,,,,,,,,,,,,,,,,,,,,,,,,,,,,,,,,,
3.16(d),State-wise Model Village status of Soil Health Card Scheme (2019-20),161.0,,,,,,,,,,,,,,,,,,,,,,,,,,,,,,,,,,,,,,,,,,,,,,,,,,,,,,,,,,,,,,
3.17(a),Crop-wise Requirement and Availability of Certified/ Quality Seeds,162.0,,,,,,,,,,,,,,,,,,,,,,,,,,,,,,,,,,,,,,,,,,,,,,,,,,,,,,,,,,,,,,
3.17(b),Crop-wise Distribution of Certified/ Quality Seeds,163.0,,,,,,,,,,,,,,,,,,,,,,,,,,,,,,,,,,,,,,,,,,,,,,,,,,,,,,,,,,,,,,
3.17(c),Crop-wise Requirement and Availability of Certified/ Quality of Hybrid Seeds,164.0,,,,,,,,,,,,,,,,,,,,,,,,,,,,,,,,,,,,,,,,,,,,,,,,,,,,,,,,,,,,,,
3.18(a),Consumption of Electricity for Agricultural Purposes,165.0,,,,,,,,,,,,,,,,,,,,,,,,,,,,,,,,,,,,,,,,,,,,,,,,,,,,,,,,,,,,,,
3.18(b),State-wise Consumption of Electricity for Agricultural Purposes,166.0,,,,,,,,,,,,,,,,,,,,,,,,,,,,,,,,,,,,,,,,,,,,,,,,,,,,,,,,,,,,,,
3.19(a),Flow of Institutional Credit to Agriculture Sector,167.0,,,,,,,,,,,,,,,,,,,,,,,,,,,,,,,,,,,,,,,,,,,,,,,,,,,,,,,,,,,,,,
3.19(b),State-wise Agricultural loan disbursed in 2022-23,168.0,,,,,,,,,,,,,,,,,,,,,,,,,,,,,,,,,,,,,,,,,,,,,,,,,,,,,,,,,,,,,,
3.20,State-wise-Number of Active KCCs,169.0,,,,,,,,,,,,,,,,,,,,,,,,,,,,,,,,,,,,,,,,,,,,,,,,,,,,,,,,,,,,,,
3.21(a),State-wise National Agricultural Insurance Scheme (NAIS)- Cumulative upto Rabi 2015-16,170.0,,,,,,,,,,,,,,,,,,,,,,,,,,,,,,,,,,,,,,,,,,,,,,,,,,,,,,,,,,,,,,
3.21(b),Season- wise National Agricultural Insurance Scheme (NAIS)- Cumulative upto Rabi 2015-16,171.0,,,,,,,,,,,,,,,,,,,,,,,,,,,,,,,,,,,,,,,,,,,,,,,,,,,,,,,,,,,,,,
,,,3.22(b),"Season- wise Weather Based Crop Insurance Scheme (WBCIS)- Cumulative upto Rabi 2015-
16",173.0,,,,,,,,,,,,,,,,,,,,,,,,,,,,,,,,,,,,,,,,,,,,,,,,,,,,,,,,,,,
,,,3.23(a),"State-wise progress under Modified National Agricultural Insurance Scheme (MNAIS) 
Cumulative upto Rabi 2015-16",174.0,,,,,,,,,,,,,,,,,,,,,,,,,,,,,,,,,,,,,,,,,,,,,,,,,,,,,,,,,,,
,,,3.23(b),"Season- wise progress under Modified National Agricultural Insurance Scheme (MNAIS)- 
Cumulative upto Rabi 2015-16",175.0,,,,,,,,,,,,,,,,,,,,,,,,,,,,,,,,,,,,,,,,,,,,,,,,,,,,,,,,,,,
,,,3.24,State-wise Coconut Palm Insurance Scheme (CPIS)- Cumulative from 2009-10 to 2020-21,176.0,,,,,,,,,,,,,,,,,,,,,,,,,,,,,,,,,,,,,,,,,,,,,,,,,,,,,,,,,,,
,,,3.25(a),State-wise Progress under PMFBY & RWBCIS Combined from 2016-17 to 2022-23,177.0,,,,,,,,,,,,,,,,,,,,,,,,,,,,,,,,,,,,,,,,,,,,,,,,,,,,,,,,,,,
,,,3.25(b),Season-wise Progress under PMFBY& RWBCIS Combined from 2016-17 to 2022-23,178.0,,,,,,,,,,,,,,,,,,,,,,,,,,,,,,,,,,,,,,,,,,,,,,,,,,,,,,,,,,,
,,,3.26(a),"State-wise Progress under Restructured Weather Based Crop Insurance Scheme (RWBCIS) 
from 2016-17 to 2022-23",179.0,,,,,,,,,,,,,,,,,,,,,,,,,,,,,,,,,,,,,,,,,,,,,,,,,,,,,,,,,,,
,,,3.26(b),"Season-wise Progress under Restructured Weather Based Crop Insurance Scheme 
(RWBCIS) from 2016-17 to 2022-23",180.0,,,,,,,,,,,,,,,,,,,,,,,,,,,,,,,,,,,,,,,,,,,,,,,,,,,,,,,,,,,
,,,3.27(a),Year-wise Sale of Tractors and Power Tillers,181.0,,,,,,,,,,,,,,,,,,,,,,,,,,,,,,,,,,,,,,,,,,,,,,,,,,,,,,,,,,,
,,,3.27(b),State-wise Sale of Tractors during 2020-21,181.0,,,,,,,,,,,,,,,,,,,,,,,,,,,,,,,,,,,,,,,,,,,,,,,,,,,,,,,,,,,
,,,,,,,,,,,,,,,,,,,,,,,,,,,,,,,,,,,,,,,,,,,,,,,,,,,,,,,,,,,,,,,,
,,,4,Sustainability and Environmental Aspect of Agriculture,182.0,,,,,,,,,,,,,,,,,,,,,,,,,,,,,,,,,,,,,,,,,,,,,,,,,,,,,,,,,,,
,,,4.1,Agricultural Land by Use in India,183.0,,,,,,,,,,,,,,,,,,,,,,,,,,,,,,,,,,,,,,,,,,,,,,,,,,,,,,,,,,,
,,,4.2,Selected Categories of Land Use,185.0,,,,,,,,,,,,,,,,,,,,,,,,,,,,,,,,,,,,,,,,,,,,,,,,,,,,,,,,,,,
,,,4.3,Gross Cropped Area (Percentage Distribution),186.0,,,,,,,,,,,,,,,,,,,,,,,,,,,,,,,,,,,,,,,,,,,,,,,,,,,,,,,,,,,
,,,4.4,State-wise Percentage coverage of Irrigated Area under Principal Crops,187.0,,,,,,,,,,,,,,,,,,,,,,,,,,,,,,,,,,,,,,,,,,,,,,,,,,,,,,,,,,,
,,,4.5,Agricultural Land by Type of Use,188.0,,,,,,,,,,,,,,,,,,,,,,,,,,,,,,,,,,,,,,,,,,,,,,,,,,,,,,,,,,,
,,,4.6,"Irrigation Potential Created under Accelerated Irrigation Benefit Programme         (AIBP) – All 
Major & Medium Irrigation Projects",192.0,,,,,,,,,,,,,,,,,,,,,,,,,,,,,,,,,,,,,,,,,,,,,,,,,,,,,,,,,,,
,,,4.7,State-wise Area covered under Micro Irrigation,194.0,,,,,,,,,,,,,,,,,,,,,,,,,,,,,,,,,,,,,,,,,,,,,,,,,,,,,,,,,,,
,,,4.8,Ceilings on Land Holdings,195.0,,,,,,,,,,,,,,,,,,,,,,,,,,,,,,,,,,,,,,,,,,,,,,,,,,,,,,,,,,,
,,,4.9,Performance of South West Monsoon during 1989 to 2022,196.0,,,,,,,,,,,,,,,,,,,,,,,,,,,,,,,,,,,,,,,,,,,,,,,,,,,,,,,,,,,
,,,4.10,All India Rainfall Distribution from 1992-93 to 2022-23,197.0,,,,,,,,,,,,,,,,,,,,,,,,,,,,,,,,,,,,,,,,,,,,,,,,,,,,,,,,,,,
,,,4.11,Broad region-wise Monsoon (June-September) Rainfall Distribution from 2005 to 2022,198.0,,,,,,,,,,,,,,,,,,,,,,,,,,,,,,,,,,,,,,,,,,,,,,,,,,,,,,,,,,,
,,,,,,,,,,,,,,,,,,,,,,,,,,,,,,,,,,,,,,,,,,,,,,,,,,,,,,,,,,,,,,,,
,,,5,Agriculture Census and Survey,199.0,,,,,,,,,,,,,,,,,,,,,,,,,,,,,,,,,,,,,,,,,,,,,,,,,,,,,,,,,,,
,,,5.1,Number and Area of Operational Holdings by Size Group,200.0,,,,,,,,,,,,,,,,,,,,,,,,,,,,,,,,,,,,,,,,,,,,,,,,,,,,,,,,,,,
,,,5.2 (a),Number of Operational Holdings by Size Group,201.0,,,,,,,,,,,,,,,,,,,,,,,,,,,,,,,,,,,,,,,,,,,,,,,,,,,,,,,,,,,
,,,5.2 (b),Area of Operational Holdings by Size Group,202.0,,,,,,,,,,,,,,,,,,,,,,,,,,,,,,,,,,,,,,,,,,,,,,,,,,,,,,,,,,,
,,,5.3,Average Size of Holdings by Size Group,203.0,,,,,,,,,,,,,,,,,,,,,,,,,,,,,,,,,,,,,,,,,,,,,,,,,,,,,,,,,,,
,,,5.4,Estimated Number of Operational Holdings by Size Classes and Irrigation Status,204.0,,,,,,,,,,,,,,,,,,,,,,,,,,,,,,,,,,,,,,,,,,,,,,,,,,,,,,,,,,,
,,,5.5,Area Irrigated by different Source of Irrigation by Size Classes,205.0,,,,,,,,,,,,,,,,,,,,,,,,,,,,,,,,,,,,,,,,,,,,,,,,,,,,,,,,,,,
,,,,,,5.7,"Usage of Chemical Fertilizers, Farm Yard Manure and Pesticides by major Size Group",207.0,,,,,,,,,,,,,,,,,,,,,,,,,,,,,,,,,,,,,,,,,,,,,,,,,,,,,,,,
,,,,,,5.8,Estimated Institutional Credit taken for Agricultural purposes by Size Groups,209.0,,,,,,,,,,,,,,,,,,,,,,,,,,,,,,,,,,,,,,,,,,,,,,,,,,,,,,,,
,,,,,,5.9,Total Institutional Credit taken for Agricultural purposes by different Size- Groups,210.0,,,,,,,,,,,,,,,,,,,,,,,,,,,,,,,,,,,,,,,,,,,,,,,,,,,,,,,,
,,,,,,5.10,"Estimated Number of Rural Households, Agricultural Households and Indebted Agricultural 
Households",211.0,,,,,,,,,,,,,,,,,,,,,,,,,,,,,,,,,,,,,,,,,,,,,,,,,,,,,,,,
,,,,,,5.11,"Indebtedness of Agricultural Households (All-India) in different Size Classes of Land 
Possessed",212.0,,,,,,,,,,,,,,,,,,,,,,,,,,,,,,,,,,,,,,,,,,,,,,,,,,,,,,,,
,,,,,,5.12,Incidence of Indebtedness in Major States,213.0,,,,,,,,,,,,,,,,,,,,,,,,,,,,,,,,,,,,,,,,,,,,,,,,,,,,,,,,
,,,,,,5.13,"The Percentage  Distribution of Indebted Agricultural Households by Size-Class of Land 
Possessed for Selected States",214.0,,,,,,,,,,,,,,,,,,,,,,,,,,,,,,,,,,,,,,,,,,,,,,,,,,,,,,,,
,,,,,,5.14,List of Studies conducted by Agro-Economic Research Centres,215.0,,,,,,,,,,,,,,,,,,,,,,,,,,,,,,,,,,,,,,,,,,,,,,,,,,,,,,,,
,,,,,,,,,,,,,,,,,,,,,,,,,,,,,,,,,,,,,,,,,,,,,,,,,,,,,,,,,,,,,,,,
,,,,,,6,World Agricultural Statistics,225.0,,,,,,,,,,,,,,,,,,,,,,,,,,,,,,,,,,,,,,,,,,,,,,,,,,,,,,,,
,,,,,,6.1,"Area, Production and Yield of Principal Crops in various Countries in 2019",226.0,,,,,,,,,,,,,,,,,,,,,,,,,,,,,,,,,,,,,,,,,,,,,,,,,,,,,,,,
,,,,,,6.2,India's Position in World Agriculture in 2019,228.0,,,,,,,,,,,,,,,,,,,,,,,,,,,,,,,,,,,,,,,,,,,,,,,,,,,,,,,,
,,,,,,6.3(a),Fertilizer Consumption per Hectare of Agricultural Land in selected Countries,229.0,,,,,,,,,,,,,,,,,,,,,,,,,,,,,,,,,,,,,,,,,,,,,,,,,,,,,,,,
,,,,,,6.3(b),"Fertilizer Consumption per Hectare of Arable Land & Land under permanent Crops in selected 
Countries",230.0,,,,,,,,,,,,,,,,,,,,,,,,,,,,,,,,,,,,,,,,,,,,,,,,,,,,,,,,
,,,,,,6.4,Share of area under organic cultivation in selected Countries,231.0,,,,,,,,,,,,,,,,,,,,,,,,,,,,,,,,,,,,,,,,,,,,,,,,,,,,,,,,
,,,,,,6.5 (a),Calculated data for CH4 emissions  (in kilotonnes) from Rice Cultivation in Select Countries,232.0,,,,,,,,,,,,,,,,,,,,,,,,,,,,,,,,,,,,,,,,,,,,,,,,,,,,,,,,
,,,,,,6.5 (b),"Calculated data for CH4 emissions  (in kilotonnes) from Burning-Crop Residues in Select 
Countries",233.0,,,,,,,,,,,,,,,,,,,,,,,,,,,,,,,,,,,,,,,,,,,,,,,,,,,,,,,,
,,,,,,6.6,Water Stress percentage in selected Countries,234.0,,,,,,,,,,,,,,,,,,,,,,,,,,,,,,,,,,,,,,,,,,,,,,,,,,,,,,,,
,,,,,,,,,,,,,,,,,,,,,,,,,,,,,,,,,,,,,,,,,,,,,,,,,,,,,,,,,,,,,,,,
,,,,,,Appendices,,235.0,,,,,,,,,,,,,,,,,,,,,,,,,,,,,,,,,,,,,,,,,,,,,,,,,,,,,,,,
,,,,,,I,Cost of Cultivation/Production Estimates,236.0,,,,,,,,,,,,,,,,,,,,,,,,,,,,,,,,,,,,,,,,,,,,,,,,,,,,,,,,
,,,,,,II,Explanatory Notes,237.0,,,,,,,,,,,,,,,,,,,,,,,,,,,,,,,,,,,,,,,,,,,,,,,,,,,,,,,,
,,,,,,III,Methodology on Index Numbers,238.0,,,,,,,,,,,,,,,,,,,,,,,,,,,,,,,,,,,,,,,,,,,,,,,,,,,,,,,,
,,,,,,IV,"Glossary of English, Botanical and Hindi Names of Important Crops",239.0,,,,,,,,,,,,,,,,,,,,,,,,,,,,,,,,,,,,,,,,,,,,,,,,,,,,,,,,
,,,,,,V,Crop Calendar of Major Crops,241.0,,,,,,,,,,,,,,,,,,,,,,,,,,,,,,,,,,,,,,,,,,,,,,,,,,,,,,,,
,,,,,,Vl,Harvesting Season of Major Fruits,253.0,,,,,,,,,,,,,,,,,,,,,,,,,,,,,,,,,,,,,,,,,,,,,,,,,,,,,,,,
,,,,,,Vll,Harvesting Season of Major Vegetables,254.0,,,,,,,,,,,,,,,,,,,,,,,,,,,,,,,,,,,,,,,,,,,,,,,,,,,,,,,,
,,,,,,VIII,Seed Rate of Sowing for Important Field Crops,255.0,,,,,,,,,,,,,,,,,,,,,,,,,,,,,,,,,,,,,,,,,,,,,,,,,,,,,,,,
,,,,,,IX,Methodology of Crop Estimation,157.0,,,,,,,,,,,,,,,,,,,,,,,,,,,,,,,,,,,,,,,,,,,,,,,,,,,,,,,,
,,,,,,X,Rainfall Status,262.0,,,,,,,,,,,,,,,,,,,,,,,,,,,,,,,,,,,,,,,,,,,,,,,,,,,,,,,,
,,,,,,,,,,Land Use Indicators,,,,,,,,,,,,,,,,,,,,,,,,,,,,,,,,,,,,,,,,,,,,,,,,,,,,,,
,,,,,,,,,1.0,Geographical Area,2019-20,,Million Hectare  328.75,,,,,,,,,,,,,,,,,,,,,,,,,,,,,,,,,,,,,,,,,,,,,,,,,,,
,,,,,,,,,2.0,Reported Area for Land Utilization Statistics,2019-20,,Million Hectare  306.54,,,,,,,,,,,,,,,,,,,,,,,,,,,,,,,,,,,,,,,,,,,,,,,,,,,
,,,,,,,,,3.0,Area under Forest,2019-20,,Million Hectare  71.75,,,,,,,,,,,,,,,,,,,,,,,,,,,,,,,,,,,,,,,,,,,,,,,,,,,
,,,,,,,,,4.0,Percentage of Area under Forest to Reported Area,2019-20,-,23.41%,,,,,,,,,,,,,,,,,,,,,,,,,,,,,,,,,,,,,,,,,,,,,,,,,,,
,,,,,,,,,5.0,Gross Cropped Area,2019-20,,Million Hectare  211.36,,,,,,,,,,,,,,,,,,,,,,,,,,,,,,,,,,,,,,,,,,,,,,,,,,,
,,,,,,,,,6.0,Percentage of Gross Cropped Area to reported area,2019-20,-,68.95%,,,,,,,,,,,,,,,,,,,,,,,,,,,,,,,,,,,,,,,,,,,,,,,,,,,
,,,,,,,,,7.0,Net Area Sown,2019-20,,Million Hectare  139.90,,,,,,,,,,,,,,,,,,,,,,,,,,,,,,,,,,,,,,,,,,,,,,,,,,,
,,,,,,,,,8.0,Percentage of Net Area Sown to Reported Area,2019-20,-,45.64%,,,,,,,,,,,,,,,,,,,,,,,,,,,,,,,,,,,,,,,,,,,,,,,,,,,
,,,,,,,,,9.0,Area sown more than once,2019-20,,Million Hectare  71.46,,,,,,,,,,,,,,,,,,,,,,,,,,,,,,,,,,,,,,,,,,,,,,,,,,,
,,,,,,,,,10.0,Cropping Intensity (%),2019-20,-,151.08,,,,,,,,,,,,,,,,,,,,,,,,,,,,,,,,,,,,,,,,,,,,,,,,,,,
,,,,,,,,,11.0,Net Irrigated Area,2019-20,,Million Hectare  75.46,,,,,,,,,,,,,,,,,,,,,,,,,,,,,,,,,,,,,,,,,,,,,,,,,,,
,,,,,,,,,12.0,Gross Irrigated Area,2019-20,Million Hectare  112.23,,,,,,,,,,,,,,,,,,,,,,,,,,,,,,,,,,,,,,,,,,,,,,,,,,,,
,,,,,,,,,,,,,,,,,,,,,,,,,,,,,,,,,,,,,,,,,,,,,,,,,,,,,,,,,,,,,,,,
,,,,,,,,,,Production & Procurement Indicators,,,,,,,,,,,,,,,,,,,,,,,,,,,,,,,,,,,,,,,,,,,,,,,,,,,,,,
,,,,,,,,,14.0,Foodgrains Production (as per 4th Advance Estimates),2021-22   Million Tonnes,,,285.71,,,,,,,,,,,,,,,,,,,,,,,,,,,,,,,,,,,,,,,,,,,,,,,,,,
,,,,,,,,,,(a) Kharif,2021-22   Million Tonnes,,,141.03,,,,,,,,,,,,,,,,,,,,,,,,,,,,,,,,,,,,,,,,,,,,,,,,,,
,,,,,,,,,,(b) Rabi,2021-22   Million Tonnes,,,144.68,,,,,,,,,,,,,,,,,,,,,,,,,,,,,,,,,,,,,,,,,,,,,,,,,,
,,,,,,,,,15.0,Horticulture Production (as per 3rd Advance Estimates),2021-22   Million Tonnes,,,342.33,,,,,,,,,,,,,,,,,,,,,,,,,,,,,,,,,,,,,,,,,,,,,,,,,,
,,,,,,,,,16.0,Milk Production,2020-21   Million Tonnes,,,209.96,,,,,,,,,,,,,,,,,,,,,,,,,,,,,,,,,,,,,,,,,,,,,,,,,,
,,,,,,,,,17.0,Meat Production,2020-21,Lakh Tonnes,,87.98,,,,,,,,,,,,,,,,,,,,,,,,,,,,,,,,,,,,,,,,,,,,,,,,,,
,,,,,,,,,18.0,Livestock Population as per 20th Livestock Census,2019,"Million 
Numbers",,536.76,,,,,,,,,,,,,,,,,,,,,,,,,,,,,,,,,,,,,,,,,,,,,,,,,,
,,,,,,,,,19.0,Fish Production,2020-21,Lakh Tonnes,,162.48,,,,,,,,,,,,,,,,,,,,,,,,,,,,,,,,,,,,,,,,,,,,,,,,,,
,,,,,,,,,20.0,Procurement,,,,,,,,,,,,,,,,,,,,,,,,,,,,,,,,,,,,,,,,,,,,,,,,,,,,,,
,,,,,,,,,,(a) Rice- for Kharif Marketing Season 2022-23*,2022-23,Lakh Tonnes,,478.27,,,,,,,,,,,,,,,,,,,,,,,,,,,,,,,,,,,,,,,,,,,,,,,,,,
,,,,,,,,,,(b) Wheat- for Rabi Marketing Season 2022-23*,2022-23,Lakh Tonnes,,187.92,,,,,,,,,,,,,,,,,,,,,,,,,,,,,,,,,,,,,,,,,,,,,,,,,,
,,,,,,,,,,(c) Nutri/Coarse Grains*,2022-23,'000 Tonnes,,263.00,,,,,,,,,,,,,,,,,,,,,,,,,,,,,,,,,,,,,,,,,,,,,,,,,,
,,,,,,,,,,(d) Pulses Procurement under PSS *,2022-23,MT,,120131.09,,,,,,,,,,,,,,,,,,,,,,,,,,,,,,,,,,,,,,,,,,,,,,,,,,
,,,,,,,,,,(e) Oilseeds Procurement under PSS*,2022-23,MT,,47926.50,,,,,,,,,,,,,,,,,,,,,,,,,,,,,,,,,,,,,,,,,,,,,,,,,,
,,,,,,,,,,(f) Cotton,2021-22,Lakh Bales,,15.00,,,,,,,,,,,,,,,,,,,,,,,,,,,,,,,,,,,,,,,,,,,,,,,,,,
,,,,,,,,,,(h)  Jute (as on 30.10.2022),2022-23,Lakh Bales,,0.76,,,,,,,,,,,,,,,,,,,,,,,,,,,,,,,,,,,,,,,,,,,,,,,,,,
,,,,,,,,,,Macro Economic Indicators,,,,,,,,,,,,,,,,,,,,,,,,,,,,,,,,,,,,,,,,,,,,,,,,,,,,,,
,,,,,,,,,21.0,"GVA - Agriculture and Allied Sector at constant (2011-12) 
prices (Second Advance Estimates)",2022-23,Rs. Crore,,2221092,,,,,,,,,,,,,,,,,,,,,,,,,,,,,,,,,,,,,,,,,,,,,,,,,,
,,,,,,,,,22.0,Growth Rate of GVA in Agri and Allied sector at Constant,2022-23,-,,3.3%,,,,,,,,,,,,,,,,,,,,,,,,,,,,,,,,,,,,,,,,,,,,,,,,,,
,,,,,,,,,,,,,,,23.0,"Share of Agri & Allied sector in Total GVA at Current Prices 
(Second Advance Estimates)",2022-23,-,21.1%,,,,,,,,,,,,,,,,,,,,,,,,,,,,,,,,,,,,,,,,,,,,,
,,,,,,,,,,,,,,,24.0,Value of Total Agricultural Exports,2021-22,Rs. Crore,375662,,,,,,,,,,,,,,,,,,,,,,,,,,,,,,,,,,,,,,,,,,,,,
,,,,,,,,,,,,,,,25.0,"Percentage Share of Value of Agricultural Exports to National 
Exports",2021-22,-,11.94%,,,,,,,,,,,,,,,,,,,,,,,,,,,,,,,,,,,,,,,,,,,,,
,,,,,,,,,,,,,,,26.0,Value of Total Agricultural Imports,2021-22,Rs Crore,231850,,,,,,,,,,,,,,,,,,,,,,,,,,,,,,,,,,,,,,,,,,,,,
,,,,,,,,,,,,,,,27.0,"Percentage Share of Value of Agricultural Imports to National 
Imports",2021-22,-,5.07%,,,,,,,,,,,,,,,,,,,,,,,,,,,,,,,,,,,,,,,,,,,,,
,,,,,,,,,,,,,,,,,,,,,,,,,,,,,,,,,,,,,,,,,,,,,,,,,,,,,,,,,,,,,,,,
,,,,,,,,,,,,,,,,Employment Indicators,,,,,,,,,,,,,,,,,,,,,,,,,,,,,,,,,,,,,,,,,,,,,,,,
,,,,,,,,,,,,,,,28.0,Total Number of Cultivators as per Census 2011,2011,Million,118.8,,,,,,,,,,,,,,,,,,,,,,,,,,,,,,,,,,,,,,,,,,,,,
,,,,,,,,,,,,,,,29.0,Total Number of Agricultural Laborers as per Census 2011,2011,Million,144.3,,,,,,,,,,,,,,,,,,,,,,,,,,,,,,,,,,,,,,,,,,,,,
,,,,,,,,,,,,,,,30.0,"Percentage share of Agricultural Workers (Cultivators and 
Agricultural Laborers) in Total Workforce as per Population 
Census 2011",2011,-,54.6%,,,,,,,,,,,,,,,,,,,,,,,,,,,,,,,,,,,,,,,,,,,,,
,,,,,,,,,,,,,,,31.0,"Total No. of Operational Holdings as per Agriculture Census 
2015-16",2015-16,Lakh,1464.54,,,,,,,,,,,,,,,,,,,,,,,,,,,,,,,,,,,,,,,,,,,,,
,,,,,,,,,,,,,,,,a) Marginal Holdings (upto 1 hectare),2015-16,Lakh (% share)  1002.51 (68.45%),,,,,,,,,,,,,,,,,,,,,,,,,,,,,,,,,,,,,,,,,,,,,,
,,,,,,,,,,,,,,,,b) Small Holdings (1-2 hectare),2015-16,Lakh (% share)  258.09 (17.62%),,,,,,,,,,,,,,,,,,,,,,,,,,,,,,,,,,,,,,,,,,,,,,
,,,,,,,,,,,,,,,,c) Others (Above 2 hectare),2015-16,Lakh (% share)  203.92 (13.93%),,,,,,,,,,,,,,,,,,,,,,,,,,,,,,,,,,,,,,,,,,,,,,
,,,,,,,,,,,,,,,,,,,,,,,,"Perma-
nent
pastures
 & other
grazing
 lands","Land underCultur-
Misc. tree
able
crops &
waste 
groves not land
incl. in net 
area sown",Total,"Fallow
lands
other
than
current
fallows","Current
fallows",Total,,,,,,,,,,,,,,,,,,,,,,,,,,,,,,,,,,,
,,,,,,,,,,,,,,,,,,,,,,,,"Perma-
nent
pastures
 & other
grazing
 lands","Land underCultur-
Misc. tree
able
crops &
waste 
groves not land
incl. in net 
area sown",Total,"Fallow
lands
other
than
current
fallows","Current
fallows",Total,,,,,,,,,,,,,,,,,,,,,,,,,,,,,,,,,,,
,,,,,,,,,,,,,,,,,,,,,,,,"Perma-
nent
pastures
 & other
grazing
 lands","Land underCultur-
Misc. tree
able
crops &
waste 
groves not land
incl. in net 
area sown",Total,"Fallow
lands
other
than
current
fallows","Current
fallows",Total,,,,,,,,,,,,,,,,,,,,,,,,,,,,,,,,,,,
,,,,,,,,,,,,,,,,,,,,,,,,"Perma-
nent
pastures
 & other
grazing
 lands","Land underCultur-
Misc. tree
able
crops &
waste 
groves not land
incl. in net 
area sown",Total,"Fallow
lands
other
than
current
fallows","Current
fallows",Total,,,,,,,,,,,,,,,,,,,,,,,,,,,,,,,,,,,
,,,,,,,,,,,,,,,,,,,,,,,,,,,,,,,,,,,,,,,,,,,,,,,,,,,,,,,,,,,,,,,,
,,,,,,,,,,,,,,,,,,,,,,,,,,,,,,,,,,"(1)
(8)
(9)
(10)","(11)
(12)
(13)","(14)
(15)
(16)","(17)
(18)
(19)",,,,,,,,,,,,,,,,,,,,,,,,,,,
,,,,,,,,,,,,,,,,,,,,,,,,,,,,,,,,,,"Marginal
6483475
1272
292
(Below 1.00)
Small
3844259
439
208
(1.0-1.99)
Semi-Medium
2963835
132
0
(2.0-3.99)
Medium
1816887
15
0
(4.0-9.99)
Large
308581
0
0
(10 & Above)
All Groups
15417037
1858
500","0
1059934
189269
0
741588
152139
0
612487
172448
0
416757
154324
0
48697
32759
0
2879462
700939","4820510
1569183
474057
3155987
1342181
365264
2715683
1147816
444953
1819981
795177
385631
433633
177398
117992
12945794
5031755
1787897","2448065
742761
156004
1391765
343974
128517
993527
294914
137789
620842
271216
100136
148016
50161
23511
5602215
1703026
545957",,,,,,,,,,,,,,,,,,,,,,,,,,,
,,,,,,,,,,,,,,,,,,,,,,,,,,,,,,,,,,,,,,,,,,,,,,,,,,,,,,,,,,,,,,,,
,,,,,,,,,,,,,,,,,,,,,,,,,,,,,,,,,,,,,,"(1)
(2)
(3)
(4)
(5)","(6)
(7)
(8)
(9)",,,,,,,,,,,,,,,,,,,,,,,,,
,,,,,,,,,,,,,,,,,,,,,,,,,,,,,,,,,,,,,,"Marginal
(Below 1.00)
13752050
3373150
819622
17944822
Small
(1.0-1.99)
8392012
2428182
646128
11466322
Semi-Medium
(2.0-3.99)
6673044
2055348
755189
9483582
Medium
(4.0-9.99)
4257710
1483165
640092
6380967
Large
890230
276255
174263
1340748
(10 & Above)
All Groups
33965047
9616101
3035293
46616440","1612319
869829
11269903
13752050
1086480
528083
6777450
8392012
785825
426471
5460748
6673044
510623
281246
3465841
4257710
98835
72398
718997
890230
4094082
2178027
27692938
33965047",,,,,,,,,,,,,,,,,,,,,,,,,
,,,,,,,,,,,,,,,,,,,,,,,,,,,,,,,,,,,,,,,,1.0,"Institute of Economic Growth, 
University Enclave, Delhi",http://iegindia.org/AERU-Studies,,,,,,,,,,,,,,,,,,,,,,
,,,,,,,,,,,,,,,,,,,,,,,,,,,,,,,,,,,,,,,,2.0,IIM-Ahmedabad,"http://iimahd.ernet.in/faculty-and-
research/research-centers/cma/reports",,,,,,,,,,,,,,,,,,,,,,
,,,,,,,,,,,,,,,,,,,,,,,,,,,,,,,,,,,,,,,,3.0,"Institute of Social and 
Economic Change, Bengaluru","http://www.isec.ac.in/adrtc-projects.htm#projects-
completed",,,,,,,,,,,,,,,,,,,,,,
,,,,,,,,,,,,,,,,,,,,,,,,,,,,,,,,,,,,,,,,4.0,"AERC, University of 
Allahabad","http://www.allduniv.ac.in/index.php?option=com_
k2&view=itemlist&layout=category&task=categor
y&id=291&Itemid=1857",,,,,,,,,,,,,,,,,,,,,,
,,,,,,,,,,,,,,,,,,,,,,,,,,,,,,,,,,,,,,,,5.0,"AERC, Tilka Manjhi, 
Bhagalpur University",http://www.aercbhagalpur.org/,,,,,,,,,,,,,,,,,,,,,,
,,,,,,,,,,,,,,,,,,,,,,,,,,,,,,,,,,,,,,,,6.0,"AERC, University of Madras","http://www.unom.ac.in/index.php?route=academic
/aerc",,,,,,,,,,,,,,,,,,,,,,
,,,,,,,,,,,,,,,,,,,,,,,,,,,,,,,,,,,,,,,,7.0,"AERC, University of Delhi","http://www.du.ac.in/du/index.php?page=agricultur
al-economics-research-centre",,,,,,,,,,,,,,,,,,,,,,
,,,,,,,,,,,,,,,,,,,,,,,,,,,,,,,,,,,,,,,,8.0,"AERC, Jawaharlal Nehru 
Krishi Vishwa Vidyalaya, 
Jabalpur",http://aerc.jnkvv.org/aerc/AERC_Home.aspx,,,,,,,,,,,,,,,,,,,,,,
,,,,,,,,,,,,,,,,,,,,,,,,,,,,,,,,,,,,,,,,9.0,"AERC, Assam Agriculture 
University, Jorhat","http://14.139.222.145/classified/agro_econ_2012_
3.html",,,,,,,,,,,,,,,,,,,,,,
,,,,,,,,,,,,,,,,,,,,,,,,,,,,,,,,,,,,,,,,10.0,"AERC, Ludhiana",http://www.aercpau.com/,,,,,,,,,,,,,,,,,,,,,,
,,,,,,,,,,,,,,,,,,,,,,,,,,,,,,,,,,,,,,,,11.0,"AERC, Pune",http://gipe.ac.in/AERC/,,,,,,,,,,,,,,,,,,,,,,
,,,,,,,,,,,,,,,,,,,,,,,,,,,,,,,,,,,,,,,,12.0,"AERC, Himachal Pradesh 
University, Shimla",http://aercshimla.in/,,,,,,,,,,,,,,,,,,,,,,
,,,,,,,,,,,,,,,,,,,,,,,,,,,,,,,,,,,,,,,,13.0,"AERC, S.P. University, 
Vallabh Vidyanagar","http://spuvvn.edu/academics/academic_centres/agr
o_economic_centre/research_studies/",,,,,,,,,,,,,,,,,,,,,,
,,,,,,,,,,,,,,,,,,,,,,,,,,,,,,,,,,,,,,,,14.0,"AERC, Waltair, Andhra 
Pradesh","http://www.andhrauniversity.edu.in/arts/agroecono
mic/research.html",,,,,,,,,,,,,,,,,,,,,,
,,,,,,,,,,,,,,,,,,,,,,,,,,,,,,,,,,,,,,,,15.0,"AERC, Visva-Bharati, 
Santiniketan","http://www.visva-
bharati.ac.in/InstitutionsCentresSchools/Contents/
AERC-DETAIL/AERC-REPORTS.htm",,,,,,,,,,,,,,,,,,,,,,
,,,,,,,,,,,,,,,,,,,,,,,,,,,,,,,,,,,,,,,,,,,"Kharif 
Rabi 
Total",,,,,,,,,,,,,,,,,,,,,
,,,,,,,,,,,,,,,,,,,,,,,,,,,,,,,,,,,,,,,,,,,1.   Food Crops,,,,,,,,,,,,,,,,,,,,,
,,,,,,,,,,,,,,,,,,,,,,,,,,,,,,,,,,,,,,,,,,,"Paddy 
355475 
30179 
385654 
Wheat 
- 
399917 
399917 
Jowar 
31538 
20624 
52162 
Bajra 
74365 
14198 
88563 
Maize 
82238 
8270 
90508 
Ragi 
12002 
2142 
14144 
Barley 
- 
10000 
10000 
Gram 
- 
65157 
65157 
Sugarcane* 
24561 
439 
25000 
170892 
106844 
Other Crops 
277736",,,,,,,,,,,,,,,,,,,,,
,,,,,,,,,,,,,,,,,,,,,,,,,,,,,,,,,,,,,,,,,,,"Total 
751071 
657770 
1408841",,,,,,,,,,,,,,,,,,,,,
,,,,,,,,,,,,,,,,,,,,,,,,,,,,,,,,,,,,,,,,,,,2.   Non-Food Crops,,,,,,,,,,,,,,,,,,,,,
,,,,,,,,,,,,,,,,,,,,,,,,,,,,,,,,,,,,,,,,,,,"Groundnut 
46773 
15140 
61913 
Sesamum 
26879 
4073 
30952 
Castor 
5871 
- 
5871 
Rape & Mustard 
- 
80435 
80435 
Linseed  
- 
1937 
1937 
Cotton 
53580 
386 
53966 
Jute 
3802 
- 
3802 
Mesta 
622 
- 
622 
27760 
19621 
Other Crops 
47381",,,,,,,,,,,,,,,,,,,,,
,,,,,,,,,,,,,,,,,,,,,,,,,,,,,,,,,,,,,,,,,,,"Total 
165287 
121592 
286879",,,,,,,,,,,,,,,,,,,,,
,,,,,,,,,,,,,,,,,,,,,,,,,,,,,,,,,,,,,,,,,,,"Total (1+2) 
916358 
779362 
1695720",,,,,,,,,,,,,,,,,,,,,
,,,,,,,,,,,,,,,,,,ACTUAL,DEVIATION,,,,,,ACTUAL,DEVIATION,,ACTUAL,DEVIATION,,,,,,,,,,,,,,,,SUB-DIVISIONS,NORMAL,NORMAL,NORMAL,NORMAL,ACTUAL,DEVIATION,NORMAL,ACTUAL,DEVIATION,,,,,,,,,,
,,,,,,,,,,,,,,,,,,( CMS),( % ),,,,,,( CMS),( % ),,( CMS),( % ),,,,,,,,,,,,,,,,,( CMS),( CMS),( CMS),( CMS),( CMS),( % ),( CMS),( CMS),( % ),,,,,,,,,,
,,,,,,,,,,,,,,,,,,19.7,161,,,,,,78.3,68,,159.1,-2,,,,,,,,,,,,,,,"1
A & N Islands",,7.5,46.7,163.2,65.9,66.7,1,283.3,323.9,14,,,,,,,,,,
,,,,,,,,,,,,,,,,,,13.3,-9,,,,,,83.8,8,,143.0,-15,,,,,,,,,,,,,,,"2
Arunachal Pradesh",,14.7,77.3,167.5,24.0,35.9,50,283.4,276.0,-3,,,,,,,,,,
,,,,,,,,,,,,,,,,,,7.6,63,,,,,,90.9,55,,160.1,-9,,,,,,,,,,,,,,,"3
Assam & Meghalaya",,4.7,58.8,176.2,18.9,22.6,19,258.6,281.2,9,,,,,,,,,,
,,,,,,,,,,,,,,,,,,5.0,31,,,,,,42.4,-12,,94.3,-28,,,,,,,,,,,,,,,"4
Naga.,Mani.,Mizo.& Tripura",,3.8,48.3,130.2,19.9,16.2,-18,202.1,157.9,-22,,,,,,,,,,
,,,,,,,,,,,,,,,,,,,,,,,,,,,,,,,,,,,,,,,,,,,,,,,,,,,,,,,,,,,,,,,,
,,,,,,,,,,,,,,,,,,8.8,91,,,,,,60.1,36,,188.7,0,,,,,,,,,,,,,,,"5
Sub-Himalayan. WB & Sikkim",,4.6,44.3,189.0,16.8,20.3,21,254.6,277.9,9,,,,,,,,,,
,,,,,,,,,,,,,,,,,,7.1,116,,,,,,14.9,-20,,87.1,-25,,,,,,,,,,,,,,,"6
Gangetic West Bengal",,3.3,18.6,116.7,17.5,11.0,-37,156.0,120.0,-23,,,,,,,,,,
,,,,,,,,,,,,,,,,,,5.4,84,,,,,,9.1,-29,,119.7,4,,,,,,,,,,,,,,,"7
Odisha",,2.9,12.8,115.0,14.1,12.6,-10,144.8,146.7,1,,,,,,,,,,
,,,,,,,,,,,,,,,,,,6.5,129,,,,,,7.4,-11,,81.8,-20,,,,,,,,,,,,,,,"8
Jharkhand",,2.8,8.3,102.3,8.9,9.2,3,122.3,104.8,-14,,,,,,,,,,
,,,,,,,,,,,,,,,,,,4.0,99,,,,,,8.9,9,,68.3,-31,,,,,,,,,,,,,,,"9
Bihar",,2.0,8.2,99.2,6.7,8.2,23,116.1,89.4,-23,,,,,,,,,,
,,,,,,,,,,,,,,,,,,,,,,,,,,,,,,,,,,,,,,,,,,,,,,,,,,,,,,,,,,,,,,,,
,,,,,,,,,,,,,,,,,,3.8,50,,,,,,2.4,-27,,55.6,-30,,,,,,,,,,,,,,,"10
East U.P.",,2.6,3.2,79.9,4.2,15.0,259,89.9,76.8,-15,,,,,,,,,,
,,,,,,,,,,,,,,,,,,8.1,177,,,,,,2.8,-6,,50.2,-25,,,,,,,,,,,,,,,"11
West U.P.",,2.9,3.0,67.2,2.9,14.0,383,76.0,75.2,-1,,,,,,,,,,
,,,,,,,,,,,,,,,,,,16.2,60,,,,,,10.8,-31,,112.8,-3,,,,,,,,,,,,,,,"12
Uttarakhand",,10.1,15.5,116.3,5.1,12.0,135,147.0,151.7,3,,,,,,,,,,
,,,,,,,,,,,,,,,,,,,,,,,,,,,,,,,,,,,,,,,,,,,,,,,,,,,,,,,,,,,,,,,,
,,,,,,,,,,,,,,,,,,8.6,177,,,,,,3.6,-9,,46.5,8,,,,,,,,,,,,,,,"13
Haryana,Chd.,and Delhi",,3.1,3.9,43.1,1.8,3.7,105,51.9,62.3,20,,,,,,,,,,
,,,,,,,,,,,,,,,,,,12.7,161,,,,,,2.1,-62,,41.4,-6,,,,,,,,,,,,,,,"14
Punjab",,4.9,5.5,44.0,2.2,1.1,-53,56.6,57.2,1,,,,,,,,,,
,,,,,,,,,,,,,,,,,,25.1,30,,,,,,6.4,-74,,71.5,-3,,,,,,,,,,,,,,,"15
Himachal Pradesh",,19.3,24.3,73.4,7.7,5.8,-25,124.8,108.8,-13,,,,,,,,,,
,,,,,,,,,,,,,,,,,,24.6,10,,,,,,10.0,-70,,58.1,6,,,,,,,,,,,,,,,"16
Jammu & Kashmir",,22.4,33.5,54.9,11.8,10.6,-10,122.7,103.3,-16,,,,,,,,,,
,,,,,,,,,,,,,,,,,,,,,,,,,,,,,,,,,,,,,,,,,,,,,,,,,,,,,,,,,,,,,,,,
,,,,,,,,,,,,,,,,,,2.5,188,,,,,,0.5,-76,,44.6,57,,,,,,,,,,,,,,,"17
West Rajasthan",,0.9,2.3,28.4,1.2,0.3,-71,32.7,48.0,47,,,,,,,,,,
,,,,,,,,,,,,,,,,,,2.6,161,,,,,,1.1,-41,,78.0,24,,,,,,,,,,,,,,,"18
East Rajasthan",,1.0,1.9,62.7,2.5,6.9,172,68.1,88.6,30,,,,,,,,,,
,,,,,,,,,,,,,,,,,,2.3,82,,,,,,0.7,-49,,119.2,36,,,,,,,,,,,,,,,"19
West Madhya Pradesh",,1.3,1.3,87.7,4.6,10.4,127,94.9,132.5,40,,,,,,,,,,
,,,,,,,,,,,,,,,,,,4.8,44,,,,,,1.3,-46,,114.6,10,,,,,,,,,,,,,,,"20
East MP",,3.3,2.4,104.3,5.5,8.8,60,115.5,129.4,12,,,,,,,,,,
,,,,,,,,,,,,,,,,,,,,,,,,,,,,,,,,,,,,,,,,,,,,,,,,,,,,,,,,,,,,,,,,
,,,,,,,,,,,,,,,,,,0.1,-35,,,,,,0.0,-99,,110.5,19,,,,,,,,,,,,,,,"21
Gujarat Region",,0.2,0.6,92.8,3.3,3.7,14,96.8,114.3,18,,,,,,,,,,
,,,,,,,,,,,,,,,,,,0.2,145,,,,,,0.0,-98,,75.3,39,,,,,,,,,,,,,,,"22
Saurashtra, Kutch & Diu",,0.1,0.4,54.0,2.9,0.7,-77,57.3,76.2,33,,,,,,,,,,
,,,,,,,,,,,,,,,,,,0.3,261,,,,,,2.7,-24,,313.6,9,,,,,,,,,,,,,,,"23
Konkan & Goa",,0.1,3.6,287.1,14.1,17.2,22,304.8,333.8,9,,,,,,,,,,
,,,,,,,,,,,,,,,,,,0.1,-75,,,,,,1.7,-48,,94.2,26,,,,,,,,,,,,,,,"24
Madhya Maharashtra",,0.3,3.3,74.7,10.3,16.1,56,88.6,112.1,26,,,,,,,,,,
,,,,,,,,,,,,,,,,,,0.0,-95,,,,,,0.4,-85,,79.4,24,,,,,,,,,,,,,,,"25
Marathawada",,0.7,2.7,64.3,9.6,13.4,40,77.3,93.3,21,,,,,,,,,,
,,,,,,,,,,,,,,,,,,2.8,57,,,,,,0.4,-85,,122.8,31,,,,,,,,,,,,,,,"26
Vidarbha",,1.8,2.7,93.7,7.6,8.8,16,105.8,134.7,27,,,,,,,,,,
,,,,,,,,,,,,,,,,,,,,,,,,,,,,,,,,,,,,,,,,,,,,,,,,,,,,,,,,,,,,,,,,
,,,,,,,,,,,,,,,,,,5.4,153,,,,,,3.3,-18,,127.6,13,,,,,,,,,,,,,,,"27
Chhattisgarh",,2.1,4.1,113.2,7.5,7.4,-1,127.0,143.8,13,,,,,,,,,,
,,,,,,,,,,,,,,,,,,3.2,41,,,,,,11.5,16,,64.0,6,,,,,,,,,,,,,,,"28
Coastal AP and Yanam",,2.2,9.9,60.1,32.2,34.2,6,104.4,112.8,8,,,,,,,,,,
,,,,,,,,,,,,,,,,,,3.6,148,,,,,,4.3,-28,,107.4,46,,,,,,,,,,,,,,,"29
Telangana",,1.5,6.0,73.5,12.4,11.9,-4,93.3,127.2,36,,,,,,,,,,
,,,,,,,,,,,,,,,,,,1.0,27,,,,,,12.7,55,,48.6,19,,,,,,,,,,,,,,,"30
Rayalseema",,0.8,8.2,40.9,23.5,28.8,23,73.4,91.2,24,,,,,,,,,,
,,,,,,,,,,,,,,,,,,4.3,51,,,,,,16.7,33,,47.7,45,,,,,,,,,,,,,,,"31
Tamil Nadu & Pondicherry",,2.8,12.5,32.8,43.9,44.5,1,92.1,113.1,23,,,,,,,,,,
,,,,,,,,,,,,,,,,,,,,,,,,,,,,,,,,,,,,,,,,,,,,,,,,,,,,,,,,,,,,,,,,
,,,,,,,,,,,,,,,,,,0.1,-76,,,,,,33.3,114,,324.5,5,,,,,,,,,,,,,,,"32
Coastal Karnataka",,0.3,15.6,309.4,26.4,19.6,-25,351.6,377.5,7,,,,,,,,,,
,,,,,,,,,,,,,,,,,,0.0,-92,,,,,,16.3,104,,65.1,35,,,,,,,,,,,,,,,"33
North Interior karnataka",,0.5,8.0,48.1,13.1,16.9,29,69.7,98.3,41,,,,,,,,,,
,,,,,,,,,,,,,,,,,,0.1,-91,,,,,,32.5,131,,101.0,49,,,,,,,,,,,,,,,"34
South Interior Karnataka",,0.6,14.0,67.8,19.8,30.0,51,102.3,163.6,60,,,,,,,,,,
,,,,,,,,,,,,,,,,,,1.5,-33,,,,,,66.9,85,,173.7,-14,,,,,,,,,,,,,,,"35
Kerala",,2.2,36.2,201.9,49.0,47.6,-3,289.2,289.6,0,,,,,,,,,,
,,,,,,,,,,,,,,,,,,,,,,,,,,,,,,,,,,,,,,,,,,,,,,,,,,,,,,,,,,,,,,,,
,,,,,,,,,,,,,,,,,,1.8,-29,,,,,,38.4,89,,139.1,36,,,,,,,,,,,,,,,"36
Lakshadweep",,2.5,20.3,102.7,33.1,28.6,-14,158.6,207.9,31,,,,,,,,,,
,,,,,,,,,,,,,,,,,,,,,,,,,,,,,,,,,,,,,,,,,,,,,,,,,,,,,,,,,,,,,,,,
,,,,,,,,,,,,,,,,,,5.9,44,,,,,,13.1,-1,,92.5,6,,,,,,,,,,,,,,,All-India (Area Weighte,,4.1,13.2,86.9,12.0,14.3,20,116.1,125.8,8,,,,,,,,,,
,,,,,,,,,,,,,,,,,,,,,,,,,,,,,,,,,,,,,,,,,,,,,,Winter - (January - February),"Pre-Monsoon ( March - May)
    Post-Monsoon - (October - December)",,,,,,,,,,,,,,,,,
,,,,,,,,,,,,,,,,,Page No.,,,,,,,,,,,,,,,,,,,,,,,,,,,,,,,,,,,,,,,,,,,,,,,
,,,,,,,,,,,,,,,,,iii,,,,,,,,,,,,,,,,,,,,,,,,,,,,,,,,,,,,,,Message,,,,,,,,,
,,,,,,,,,,,,,,,,,iv,,,,,,,,,,,,,,,,,,,,,,,,,,,,,,,,,,,,,,Preface,,,,,,,,,
,,,,,,,,,,,,,,,,,v,,,,,,,,,,,,,,,,,,,,,,,,,,,,,,,,,,,,,,Team Associated with the Publication,,,,,,,,,
,,,,,,,,,,,,,,,,,xiii,,,,,,,,,,,,,,,,,,,,,,,,,,,,,,,,,,,,,,Acronyms,,,,,,,,,
,,,,,,,,,,,,,,,,,xvi,,,,,,,,,,,,,,,,,,,,,,,,,,,,,,,,,,,,,,Conversion Table,,,,,,,,,
,,,,,,,,,,,,,,,,,xvii,,,,,,,,,,,,,,,,,,,,,,,,,,,,,,,,,,,,,,Key Agricultural Statistics at a Glance- All India,,,,,,,,,
,,,,,,,,,,,,,,,,,,,,,,,,,,,,,,,,,,,,,,,,,,,,,,,,,,,,,,,,,,,,,,,,
,,,,,,,,,,,,,,,,,1,,,,,,,,,,,,,,,,,,,,,,,,,,,,Economic and Social Dimensions of Agriculture,,,,,,,,,,1,,,,,,,,,
,,,,,,,,,,,,,,,,,2,,,,,,,,,,,,,,,,,,,,,,,,,,,,Population and Agricultural Workers,,,,,,,,,,1.1 (a),,,,,,,,,
,,,,,,,,,,,,,,,,,3,,,,,,,,,,,,,,,,,,,,,,,,,,,,State-wise Classification of Agricultural Workers- 2011,,,,,,,,,,1.1 (b),,,,,,,,,
,,,,,,,,,,,,,,,,,7,,,,,,,,,,,,,,,,,,,,,,,,,,,,State-wise Percentage of Population Below Poverty Line,,,,,,,,,,1.2,,,,,,,,,
,,,,,,,,,,,,,,,,,8,,,,,,,,,,,,,,,,,,,,,,,,,,,,Gross Value Added (GVA) by economic activity at Constant (2011-12) Basic Prices,,,,,,,,,,1.3 (a),,,,,,,,,
,,,,,,,,,,,,,,,,,9,,,,,,,,,,,,,,,,,,,,,,,,,,,,Gross Value Added by economic activity at Current Basic Prices,,,,,,,,,,1.3 (b),,,,,,,,,
,,,,,,,,,,,,,,,,,10,,,,,,,,,,,,,,,,,,,,,,,,,,,,Sectoral Share in Gross Value Added at Current Basic Prices,,,,,,,,,,1.3(c),,,,,,,,,
,,,,,,,,,,,,,,,,,10,,,,,,,,,,,,,,,,,,,,,,,,,,,,Growth of Gross Value Added at Constant (2011-12) Basic Prices,,,,,,,,,,1.3 (d),,,,,,,,,
,,,,,,,,,,,,,,,,,11,,,,,,,,,,,,,,,,,,,,,,,,,,,,Back Series: Gross Value Added by economic activity at Constant (2011- 12) Basic Prices,,,,,,,,,,1.3 (e),,,,,,,,,
,,,,,,,,,,,,,,,,,12,,,,,,,,,,,,,,,,,,,,,,,,,,,,Back Series: Gross Value Added by economic activity at Current Basic Prices,,,,,,,,,,1.3 (f),,,,,,,,,
,,,,,,,,,,,,,,,,,13,,,,,,,,,,,,,,,,,,,,,,,,,,,,Back Series: Sectoral share in Gross Value Added at Current  Basic Prices,,,,,,,,,,1.3 (g),,,,,,,,,
,,,,,,,,,,,,,,,,,13,,,,,,,,,,,,,,,,,,,,,,,,,,,,Back Series: Percentage Growth of Gross Value Added at Constant (2011-12) Basic Prices,,,,,,,,,,1.3 (h),,,,,,,,,
,,,,,,,,,,,,,,,,,,,,,,,,,,,,,,,,,,,,,,,,,,,,,Gross State Value Added (GSVA) of Agriculture and Allied Sector at Constant (2011-12) prices 14,,,,,,,,,,1.4 (a),,,,,,,,,
,,,,,,,,,,,,,,,,,15,,,,,,,,,,,,,,,,,,,,,,,,,,,,Gross State Value Added of Agriculture and Allied sector at current prices,,,,,,,,,,1.4 (b),,,,,,,,,
,,,,,,,,,,,,,,,,,16,,,,,,,,,,,,,,,,,,,,,,,,,,,,"Growth Rates of Gross State Value Added of Agriculture and Allied Sector at Constant (2011-
12) Prices",,,,,,,,,,1.4 (c),,,,,,,,,
,,,,,,,,,,,,,,,,,17,,,,,,,,,,,,,,,,,,,,,,,,,,,,"Share of Gross State Value Added (GSVA) of Agriculture and Allied Sector in Total GSVA of 
State at Current prices",,,,,,,,,,1.4 (d),,,,,,,,,
,,,,,,,,,,,,,,,,,18,,,,,,,,,,,,,,,,,,,,,,,,,,,,Selected Economic and Social Indicators,,,,,,,,,,1.5,,,,,,,,,
,,,,,,,,,,,,,,,,,19,,,,,,,,,,,,,,,,,,,,,,,,,,,,"Disaggregated Outlay and Expenditure on Developmental Heads by Ministry of Agriculture & 
Farmers Welfare",,,,,,,,,,1.6,,,,,,,,,
,,,,,,,,,,,,,,,,,20,,,,,,,,,,,,,,,,,,,,,,,,,,,,Gross Capital Formation (GCF) in Agriculture & Allied sector at Current Prices,,,,,,,,,,1.7 (a),,,,,,,,,
,,,,,,,,,,,,,,,,,20,,,,,,,,,,,,,,,,,,,,,,,,,,,,Gross Capital Formation (GCF) in Agriculture & Allied sector at Constant (2011-12) Prices,,,,,,,,,,1.7 (b),,,,,,,,,
,,,,,,,,,,,,,,,,,21,,,,,,,,,,,,,,,,,,,,,,,,,,,,Share of GCF in Agriculture and allied sector in GVA of Economy at Current Prices,,,,,,,,,,1.8 (a),,,,,,,,,
,,,,,,,,,,,,,,,,,,,,,,,,,,,,,,,,,,,,,,,,,,,,,Share of GCF in Agriculture and allied sector in GVA of Economy at Constant (2011-12) Prices 21,,,,,,,,,,1.8 (b),,,,,,,,,
,,,,,,,,,,,,,,,,,22,,,,,,,,,,,,,,,,,,,,,,,,,,,,Share of GCF in Agriculture & allied sector in GVA from Agriculture & Allied sector,,,,,,,,,,1.9,,,,,,,,,
,,,,,,,,,,,,,,,,,,,,,,,,,,,,,,,,,,,,,,,,,,,,,,,,,,,,,,,,2.1,"Normal Estimates (Average of 2015-16 to 2019-20) of Area, Production and Yield of major 
crops in India",24.0,,,,,,
,,,,,,,,,,,,,,,,,,,,,,,,,,,,,,,,,,,,,,,,,,,,,,,,,,,,,,,,2.2,"Season-wise Area, Production and Yield of Foodgrains",25.0,,,,,,
,,,,,,,,,,,,,,,,,,,,,,,,,,,,,,,,,,,,,,,,,,,,,,,,,,,,,,,,"Area, Production and Yield along with coverage under Irrigation",,,,,,,,
,,,,,,,,,,,,,,,,,,,,,,,,,,,,,,,,,,,,,,,,,,,,,,,,,,,,,,,,2.3(a),Foodgrains - All India,26.0,,,,,,
,,,,,,,,,,,,,,,,,,,,,,,,,,,,,,,,,,,,,,,,,,,,,,,,,,,,,,,,2.3(b),Foodgrains - Major States,27.0,,,,,,
,,,,,,,,,,,,,,,,,,,,,,,,,,,,,,,,,,,,,,,,,,,,,,,,,,,,,,,,2.4(a),Rice - All India,28.0,,,,,,
,,,,,,,,,,,,,,,,,,,,,,,,,,,,,,,,,,,,,,,,,,,,,,,,,,,,,,,,2.4(b),Rice - Major States,29.0,,,,,,
,,,,,,,,,,,,,,,,,,,,,,,,,,,,,,,,,,,,,,,,,,,,,,,,,,,,,,,,2.5(a),Wheat - All India,30.0,,,,,,
,,,,,,,,,,,,,,,,,,,,,,,,,,,,,,,,,,,,,,,,,,,,,,,,,,,,,,,,2.5(b),Wheat - Major States,31.0,,,,,,
,,,,,,,,,,,,,,,,,,,,,,,,,,,,,,,,,,,,,,,,,,,,,,,,,,,,,,,,2.6(a),Nutri/Coarse Cereals - All India,32.0,,,,,,
,,,,,,,,,,,,,,,,,,,,,,,,,,,,,,,,,,,,,,,,,,,,,,,,,,,,,,,,2.6(b),Nutri/Coarse Cereals - Major States,33.0,,,,,,
,,,,,,,,,,,,,,,,,,,,,,,,,,,,,,,,,,,,,,,,,,,,,,,,,,,,,,,,2.7(a),Jowar - All India,34.0,,,,,,
,,,,,,,,,,,,,,,,,,,,,,,,,,,,,,,,,,,,,,,,,,,,,,,,,,,,,,,,2.7(b),Jowar - Major States,35.0,,,,,,
,,,,,,,,,,,,,,,,,,,,,,,,,,,,,,,,,,,,,,,,,,,,,,,,,,,,,,,,2.8(a),Bajra - All India,36.0,,,,,,
,,,,,,,,,,,,,,,,,,,,,,,,,,,,,,,,,,,,,,,,,,,,,,,,,,,,,,,,2.8(b),Bajra - Major States,37.0,,,,,,
,,,,,,,,,,,,,,,,,,,,,,,,,,,,,,,,,,,,,,,,,,,,,,,,,,,,,,,,2.9 (a),Maize - All India,38.0,,,,,,
,,,,,,,,,,,,,,,,,,,,,,,,,,,,,,,,,,,,,,,,,,,,,,,,,,,,,,,,2.9 (b),Maize - Major States,39.0,,,,,,
,,,,,,,,,,,,,,,,,,,,,,,,,,,,,,,,,,,,,,,,,,,,,,,,,,,,,,,,2.10(a),Total Pulses - All India,40.0,,,,,,
,,,,,,,,,,,,,,,,,,,,,,,,,,,,,,,,,,,,,,,,,,,,,,,,,,,,,,,,2.10(b),Total Pulses - Major States,41.0,,,,,,
,,,,,,,,,,,,,,,,,,,,,,,,,,,,,,,,,,,,,,,,,,,,,,,,,,,,,,,,2.11(a),Gram - All India,42.0,,,,,,
,,,,,,,,,,,,,,,,,,,,,,,,,,,,,,,,,,,,,,,,,,,,,,,,,,,,,,,,2.11(b),Gram - Major States,43.0,,,,,,
,,,,,,,,,,,,,,,,,,,,,,,,,,,,,,,,,,,,,,,,,,,,,,,,,,,,,,,,2.12(a),Tur (Arhar) - All India,44.0,,,,,,
,,,,,,,,,,,,,,,,,,,,,,,,,,,,,,,,,,,,,,,,,,,,,,,,,,,,,,,,2.12(b),Tur (Arhar) - Major States,45.0,,,,,,
,,,,,,,,,,,,,,,,,,,,,,,,,,,,,,,,,,,,,,,,,,,,,,,,,,,,,,,,2.13(a),Lentil (Masur) - All India,46.0,,,,,,
,,,,,,,,,,,,,,,,,,,,,,,,,,,,,,,,,,,,,,,,,,,,,,,,,,,,,,,,2.13(b),Lentil (Masur) - Major States,47.0,,,,,,
,,,,,,,,,,,,,,,,,,,,,,,,,,,,,,,,,,,,,,,,,,,,,,,,,,,,,,,,2.14(a),Nine Oilseeds - All India,48.0,,,,,,
,,,,,,,,,,,,,,,,,,,,,,,,,,,,,,,,,,,,,,,,,,,,,,,,,,,,,,,,2.14(b),Nine Oilseeds - Major States,49.0,,,,,,
,,,,,,,,,,,,,,,,,,,,,,,,,,,,,,,,,,,,,,,,,,,,,,,,,,,,,,,,2.15(a),Groundnut - All India,50.0,,,,,,
,,,,,,,,,,,,,,,,,,,,,,,,,,,,,,,,,,,,,,,,,,,,,,,,,,,,,,,,2.15(b),Groundnut - Major States,51.0,,,,,,
,,,,,,,,,,,,,,,,,,,,,,,,,,,,,,,,,,,,,,,,,,,,,,,,,,,,,,,,2.16(a),Rapeseed & Mustard - All India,52.0,,,,,,
,,,,,,,,,,,,,,,,,,,,,,,,,,,,,,,,,,,,,,,,,,,,,,,,,,,,,,,,2.16(b),Rapeseed & Mustard - Major States,53.0,,,,,,
,,,,,,,,,,,,,,,,,,,,,,,,,,,,,,,,,,,,,,,,,,,,,,,,,,,,,,,,2.17(a),Soybean - All India,54.0,,,,,,
,,,,,,,,,,,,,,,,,,,,,,,,,,,,,,,,,,,,,,,,,,,,,,,,,,,,,,,,2.17(b),Soybean - Major States,55.0,,,,,,
,,,,,,,,,,,,,,,,,,,,,,,,,,,,,,,,,,,,,,,,,,,,,,,,,,,,,,,,2.18(a),Sunflower - All India,56.0,,,,,,
,,,,,,,,,,,,,,,,,,,,,,,,,,,,,,,,,,,,,,,,,,,,,,,,,,,,,,,,2.18(b),Sunflower - Major States,57.0,,,,,,
,,,,,,,,,,,,,,,,,,,,,,,,,,,,,,,,,,,,,,,,,,,,,,,,,,,,,,,,2.19(a),Cotton - All India,58.0,,,,,,
,,,,,,,,,,,,,,,,,,,,,,,,,,,,,,,,,,,,,,,,,,,,,,,,,,,,,,,,2.19(b),Cotton - Major States,59.0,,,,,,
,,,,,,,,,,,,,,,,,,,,,,,,,,,,,,,,,,,,,,,,,,,,,,,,,,,,,,,,,,,2.20(b),Jute & Mesta - Major States,61.0,,,
,,,,,,,,,,,,,,,,,,,,,,,,,,,,,,,,,,,,,,,,,,,,,,,,,,,,,,,,,,,2.21(a),Sugarcane - All India,62.0,,,
,,,,,,,,,,,,,,,,,,,,,,,,,,,,,,,,,,,,,,,,,,,,,,,,,,,,,,,,,,,2.21(b),Sugarcane - Major States,63.0,,,
,,,,,,,,,,,,,,,,,,,,,,,,,,,,,,,,,,,,,,,,,,,,,,,,,,,,,,,,,,,2.22(a),Tobacco - All India,64.0,,,
,,,,,,,,,,,,,,,,,,,,,,,,,,,,,,,,,,,,,,,,,,,,,,,,,,,,,,,,,,,2.22(b),Tobacco - Major States,65.0,,,
,,,,,,,,,,,,,,,,,,,,,,,,,,,,,,,,,,,,,,,,,,,,,,,,,,,,,,,,,,,2.23,"All-India Area, Production and Yield of Guarseed and Sunhemp",66.0,,,
,,,,,,,,,,,,,,,,,,,,,,,,,,,,,,,,,,,,,,,,,,,,,,,,,,,,,,,,,,,2.24,Production of Oilseeds & Oils and Net Availability of Edible Oils,67.0,,,
,,,,,,,,,,,,,,,,,,,,,,,,,,,,,,,,,,,,,,,,,,,,,,,,,,,,,,,,,,,2.25,State wise Production of Crude Palm Oil (CPO),68.0,,,
,,,,,,,,,,,,,,,,,,,,,,,,,,,,,,,,,,,,,,,,,,,,,,,,,,,,,,,,,,,2.26,State-wise Production of Oil Palm Fresh Fruit Bunches,69.0,,,
,,,,,,,,,,,,,,,,,,,,,,,,,,,,,,,,,,,,,,,,,,,,,,,,,,,,,,,,,,,Yield of Major Crops,,,,,
,,,,,,,,,,,,,,,,,,,,,,,,,,,,,,,,,,,,,,,,,,,,,,,,,,,,,,,,,,,2.27,All India Estimates of Yield of Major Crops,70.0,,,
,,,,,,,,,,,,,,,,,,,,,,,,,,,,,,,,,,,,,,,,,,,,,,,,,,,,,,,,,,,2.28,Kharif Foodgrains,71.0,,,
,,,,,,,,,,,,,,,,,,,,,,,,,,,,,,,,,,,,,,,,,,,,,,,,,,,,,,,,,,,2.29,Rabi Foodgrains,72.0,,,
,,,,,,,,,,,,,,,,,,,,,,,,,,,,,,,,,,,,,,,,,,,,,,,,,,,,,,,,,,,2.30,Total Foodgrains,73.0,,,
,,,,,,,,,,,,,,,,,,,,,,,,,,,,,,,,,,,,,,,,,,,,,,,,,,,,,,,,,,,2.31,Rice,74.0,,,
,,,,,,,,,,,,,,,,,,,,,,,,,,,,,,,,,,,,,,,,,,,,,,,,,,,,,,,,,,,2.32,Wheat,76.0,,,
,,,,,,,,,,,,,,,,,,,,,,,,,,,,,,,,,,,,,,,,,,,,,,,,,,,,,,,,,,,2.33,Bajra,77.0,,,
,,,,,,,,,,,,,,,,,,,,,,,,,,,,,,,,,,,,,,,,,,,,,,,,,,,,,,,,,,,2.34,Maize,78.0,,,
,,,,,,,,,,,,,,,,,,,,,,,,,,,,,,,,,,,,,,,,,,,,,,,,,,,,,,,,,,,2.35,Total Pulses,80.0,,,
,,,,,,,,,,,,,,,,,,,,,,,,,,,,,,,,,,,,,,,,,,,,,,,,,,,,,,,,,,,2.36,Gram,81.0,,,
,,,,,,,,,,,,,,,,,,,,,,,,,,,,,,,,,,,,,,,,,,,,,,,,,,,,,,,,,,,2.37,Tur,82.0,,,
,,,,,,,,,,,,,,,,,,,,,,,,,,,,,,,,,,,,,,,,,,,,,,,,,,,,,,,,,,,2.38,Total Oilseeds,83.0,,,
,,,,,,,,,,,,,,,,,,,,,,,,,,,,,,,,,,,,,,,,,,,,,,,,,,,,,,,,,,,2.39,Kharif Oilseeds,84.0,,,
,,,,,,,,,,,,,,,,,,,,,,,,,,,,,,,,,,,,,,,,,,,,,,,,,,,,,,,,,,,2.40,Rabi Oilseeds,85.0,,,
,,,,,,,,,,,,,,,,,,,,,,,,,,,,,,,,,,,,,,,,,,,,,,,,,,,,,,,,,,,2.41,Groundnut,86.0,,,
,,,,,,,,,,,,,,,,,,,,,,,,,,,,,,,,,,,,,,,,,,,,,,,,,,,,,,,,,,,2.42,Rapeseed & Mustard,87.0,,,
,,,,,,,,,,,,,,,,,,,,,,,,,,,,,,,,,,,,,,,,,,,,,,,,,,,,,,,,,,,2.43,Linseed,88.0,,,
,,,,,,,,,,,,,,,,,,,,,,,,,,,,,,,,,,,,,,,,,,,,,,,,,,,,,,,,,,,2.44,Safflower,89.0,,,
,,,,,,,,,,,,,,,,,,,,,,,,,,,,,,,,,,,,,,,,,,,,,,,,,,,,,,,,,,,2.45,Sunflower,90.0,,,
,,,,,,,,,,,,,,,,,,,,,,,,,,,,,,,,,,,,,,,,,,,,,,,,,,,,,,,,,,,2.46,Soybean,91.0,,,
,,,,,,,,,,,,,,,,,,,,,,,,,,,,,,,,,,,,,,,,,,,,,,,,,,,,,,,,,,,Horticultural Crops and area under Organic Farming,,,,,
,,,,,,,,,,,,,,,,,,,,,,,,,,,,,,,,,,,,,,,,,,,,,,,,,,,,,,,,,,,2.47,Area and Production of Horticulture Crops,92.0,,,
,,,,,,,,,,,,,,,,,,,,,,,,,,,,,,,,,,,,,,,,,,,,,,,,,,,,,,,,,,,2.48,State-wise Area and Production of various Horticultural Crops during 2021-22,94.0,,,
,,,,,,,,,,,,,,,,,,,,,,,,,,,,,,,,,,,,,,,,,,,,,,,,,,,,,,,,,,,2.49 (a),Potato – All India,95.0,,,
,,,,,,,,,,,,,,,,,,,,,,,,,,,,,,,,,,,,,,,,,,,,,,,,,,,,,,,,,,,2.49 (b),Potato – Major States,96.0,,,
,,,,,,,,,,,,,,,,,,,,,,,,,,,,,,,,,,,,,,,,,,,,,,,,,,,,,,,,,,,2.50(a),Onion – All India,97.0,,,
,,,,,,,,,,,,,,,,,,,,,,,,,,,,,,,,,,,,,,,,,,,,,,,,,,,,,,,,,,,2.50(b),Onion – Major States,98.0,,,
,,,,,,,,,,,,,,,,,,,,,,,,,,,,,,,,,,,,,,,,,,,,,,,,,,,,,,,,,,,2.51(a),Tomato – All India,99.0,,,
,,,,,,,,,,,,,,,,,,,,,,,,,,,,,,,,,,,,,,,,,,,,,,,,,,,,,,,,,,,,,,2.52(a),Coconut – All India,101.0
,,,,,,,,,,,,,,,,,,,,,,,,,,,,,,,,,,,,,,,,,,,,,,,,,,,,,,,,,,,,,,2.52(b),Coconut – Major States,102.0
,,,,,,,,,,,,,,,,,,,,,,,,,,,,,,,,,,,,,,,,,,,,,,,,,,,,,,,,,,,,,,2.53,State wise area under organic farming during 2021-22,103.0
,,,,,,,,,,,,,,,,,,,,,,,,,,,,,,,,,,,,,,,,,,,,,,,,,,,,,,,,,,,,,,Livestock,,
,,,,,,,,,,,,,,,,,,,,,,,,,,,,,,,,,,,,,,,,,,,,,,,,,,,,,,,,,,,,,,2.54,Livestock Population in India,104.0
,,,,,,,,,,,,,,,,,,,,,,,,,,,,,,,,,,,,,,,,,,,,,,,,,,,,,,,,,,,,,,2.55,"State-wise Production of Milk, Eggs, Meat and Wool",105.0
,,,,,,,,,,,,,,,,,,,,,,,,,,,,,,,,,,,,,,,,,,,,,,,,,,,,,,,,,,,,,,Fish,,
,,,,,,,,,,,,,,,,,,,,,,,,,,,,,,,,,,,,,,,,,,,,,,,,,,,,,,,,,,,,,,2.56,Fish Production in India,107.0
,,,,,,,,,,,,,,,,,,,,,,,,,,,,,,,,,,,,,,,,,,,,,,,,,,,,,,,,,,,,,,2.57,State-wise Production of Fish,108.0
,,,,,,,,,,,,,,,,,,,,,,,,,,,,,,,,,,,,,,,,,,,,,,,,,,,,,,,,,,,,,,Trade,,
,,,,,,,,,,,,,,,,,,,,,,,,,,,,,,,,,,,,,,,,,,,,,,,,,,,,,,,,,,,,,,2.58,India's Imports and Exports of Principal Agricultural Commodities,109.0
,,,,,,,,,,,,,,,,,,,,,,,,,,,,,,,,,,,,,,,,,,,,,,,,,,,,,,,,,,,,,,2.59,India's Imports of Principal Agricultural Commodities,110.0
,,,,,,,,,,,,,,,,,,,,,,,,,,,,,,,,,,,,,,,,,,,,,,,,,,,,,,,,,,,,,,2.60,India's Exports of Principal Agricultural Commodities,112.0
,,,,,,,,,,,,,,,,,,,,,,,,,,,,,,,,,,,,,,,,,,,,,,,,,,,,,,,,,,,,,,2.61,Tariffs and Bound Rates on Major Agricultural Commodities/Groups,114.0
,,,,,,,,,,,,,,,,,,,,,,,,,,,,,,,,,,,,,,,,,,,,,,,,,,,,,,,,,,,,,,2.62(a),"Statement on financial year-wise FDI equity inflows from April 2001 to September 2022 in 
agriculture services sector",116.0
,,,,,,,,,,,,,,,,,,,,,,,,,,,,,,,,,,,,,,,,,,,,,,,,,,,,,,,,,,,,,,2.62(b),"Statement on State-wise FDI equity inflows from October 2019 to September 2022 in 
Agriculture Services Sector",117.0
,,,,,,,,,,,,,,,,,,,,,,,,,,,,,,,,,,,,,,,,,,,,,,,,,,,,,,,,,,,,,,"Production/Productivity, Price and Trade Indices",,
,,,,,,,,,,,,,,,,,,,,,,,,,,,,,,,,,,,,,,,,,,,,,,,,,,,,,,,,,,,,,,2.63,Wholesale Price Index and Growth Rate (Inflation) of Foodgrains,118.0
,,,,,,,,,,,,,,,,,,,,,,,,,,,,,,,,,,,,,,,,,,,,,,,,,,,,,,,,,,,,,,2.64,Wholesale Price Index and Growth Rate (Inflation) of Commercial Crops,119.0
,,,,,,,,,,,,,,,,,,,,,,,,,,,,,,,,,,,,,,,,,,,,,,,,,,,,,,,,,,,,,,2.65,Consumer Price Index (Combined) and growth rate (Inflation) of Food and Beverages,121.0
,,,,,,,,,,,,,,,,,,,,,,,,,,,,,,,,,,,,,,,,,,,,,,,,,,,,,,,,,,,,,,2.66,Consumer Price Index (CPI) for Agricultural Labourers and its growth rate(Inflation),122.0
,,,,,,,,,,,,,,,,,,,,,,,,,,,,,,,,,,,,,,,,,,,,,,,,,,,,,,,,,,,,,,2.67,All India Index Numbers of Area of Principal Crops,123.0
,,,,,,,,,,,,,,,,,,,,,,,,,,,,,,,,,,,,,,,,,,,,,,,,,,,,,,,,,,,,,,2.68,All India Index Numbers of Production of Principal Crops,124.0
,,,,,,,,,,,,,,,,,,,,,,,,,,,,,,,,,,,,,,,,,,,,,,,,,,,,,,,,,,,,,,2.69,All India Index Numbers of Yield of Principal Crops,125.0
,,,,,,,,,,,,,,,,,,,,,,,,,,,,,,,,,,,,,,,,,,,,,,,,,,,,,,,,,,,,,,2.70(a),Index of Terms of Trade between Farmers and Non-Farmers,126.0
,,,,,,,,,,,,,,,,,,,,,,,,,,,,,,,,,,,,,,,,,,,,,,,,,,,,,,,,,,,,,,2.70(b),Index of Terms of Trade between Agricultural and Non-Agricultural sectors,127.0
,,,,,,,,,,,,,,,,,,,,,,,,,,,,,,,,,,,,,,,,,,,,,,,,,,,,,,,,,,,,,,MSP and Cost,,
,,,,,,,,,,,,,,,,,,,,,,,,,,,,,,,,,,,,,,,,,,,,,,,,,,,,,,,,,,,,,,2.71,Minimum Support Prices (According to crop year),128.0
,,,,,,,,,,,,,,,,,,,,,,,,,,,,,,,,,,,,,,,,,,,,,,,,,,,,,,,,,,,,,,2.72,All India projected Cost of Production (A2+FL) of major crops,129.0
,,,,,,,,,,,,,,,,,,,,,,,,,,,,,,,,,,,,,,,,,,,,,,,,,,,,,,,,,,,,,,2.73 (a),State-wise Projected Cost of production(A2+FL) for Paddy and Wheat,130.0
,,,,,,,,,,,,,,,,,,,,,,,,,,,,,,,,,,,,,,,,,,,,,,,,,,,,,,,,,,,,,,2.73 (b),State-wise Projected Cost of production (A2+FL) for Nutri Cereals,131.0
,,,,,,,,,,,,,,,,,,,,,,,,,,,,,,,,,,,,,,,,,,,,,,,,,,,,,,,,,,,,,,2.73 (c),State-wise Projected Cost of production (A2+FL) for Pulses,132.0
,,,,,,,,,,,,,,,,,,,,,,,,,,,,,,,,,,,,,,,,,,,,,,,,,,,,,,,,,,,,,,2.73 (d),State-wise Projected Cost of production (A2+FL) for Cotton,133.0
,,,,,,,,,,,,,,,,,,,,,,,,,,,,,,,,,,,,,,,,,,,,,,,,,,,,,,,,,,,,,,2.73 (e),State-wise Projected Cost of production (A2+FL) for Oilseeds,134.0
,,,,,,,,,,,,,,,,,,,,,,,,,,,,,,,,,,,,,,,,,,,,,,,,,,,,,,,,,,,,,,2.73 (f),State-wise Projected Cost of Production (A2+FL) for Copra,135.0
,,,,,,,,,,,,,,,,,,,,,,,,,,,,,,,,,,,,,,,,,,,,,,,,,,,,,,,,,,,,,,2.73 (g),State-wise Projected Cost of Production (A2+FL) for Jute,135.0
